{
  "project_info": {
    "project_number": "727905254019",
    "project_id": "sdaassign42021",
    "storage_bucket": "sdaassign42021.appspot.com"
  },
  "client": [
    {
      "client_info": {
        "mobilesdk_app_id": "1:727905254019:android:48411e9db578b3b74e79b6",
        "android_client_info": {
          "package_name": "com.example.sdaassign4_2019"
        }
      },
      "oauth_client": [
        {
          "client_id": "727905254019-q6tr9paim8ktv59gt108cl6se5pv31sf.apps.googleusercontent.com",
          "client_type": 3
        }
      ],
      "api_key": [
        {
          "current_key": "AIzaSyDqpq0sd6ZONDLzaVaCxx52zAM3AfCePts"
        }
      ],
      "services": {
        "appinvite_service": {
          "other_platform_oauth_client": [
            {
              "client_id": "727905254019-q6tr9paim8ktv59gt108cl6se5pv31sf.apps.googleusercontent.com",
              "client_type": 3
            }
          ]
        }
      }
    }
  ],
  "configuration_version": "1"
}